{
    "u1_right": [
        1057.778564453125,
        1074.3944091796875,
        1044.1217041015625,
        1094.032958984375,
        1025.8084716796875,
        1127.59765625,
        982.6446533203125,
        1187.6494140625,
        918.47998046875,
        1252.964599609375,
        854.3404541015625,
        1107.9427490234375,
        1020.89111328125,
        1098.2203369140625,
        1015.5791015625,
        1081.817138671875,
        1023.072509765625
    ],
    "v1_right": [
        136.78280639648438,
        126.70170593261719,
        124.6391830444336,
        146.662841796875,
        142.50369262695312,
        238.11268615722656,
        237.75003051757812,
        322.77264404296875,
        323.8777770996094,
        398.8909912109375,
        400.13946533203125,
        464.5361022949219,
        465.12457275390625,
        623.9490966796875,
        623.9964599609375,
        779.0429077148438,
        777.591552734375
    ],
    "u2_left": [
        1192.8572998046875,
        1208.07763671875,
        1178.6143798828125,
        1226.2965087890625,
        1155.55712890625,
        1258.201416015625,
        1115.75146484375,
        1320.169921875,
        1043.9193115234375,
        1379.1412353515625,
        980.3665771484375,
        1240.634521484375,
        1154.3289794921875,
        1221.8759765625,
        1149.1982421875,
        1215.626708984375,
        1154.1605224609375
    ],
    "v2_left": [
        134.86868286132812,
        124.11680603027344,
        122.75839233398438,
        139.23165893554688,
        136.50453186035156,
        234.65625,
        235.01087951660156,
        325.33929443359375,
        323.86444091796875,
        398.93414306640625,
        399.0062255859375,
        455.693603515625,
        457.0664978027344,
        615.505126953125,
        619.5576171875,
        774.02734375,
        772.1226196289062
    ]
}